code,name
005930,삼성전자
000660,SK하이닉스
005380,현대차
373220,LG에너지솔루션
207940,삼성바이오로직스
329180,HD현대중공업
012450,한화에어로스페이스
000270,기아
034020,두산에너빌리티
402340,SK스퀘어
028260,삼성물산
105560,KB금융
068270,셀트리온
042660,한화오션
035420,NAVER
012330,현대모비스
055550,신한지주
015760,한국전력
032830,삼성생명
010130,고려아연
267260,HD현대일렉트릭
009540,HD한국조선해양
006400,삼성SDI
005490,POSCO홀딩스
086790,하나금융지주
035720,카카오
010140,삼성중공업
051910,LG화학
000810,삼성화재
064350,현대로템
298040,효성중공업
316140,우리금융지주
034730,SK
009150,삼성전기
267250,HD현대
006800,미래에셋증권
011200,HMM
003670,포스코퓨처엠
086280,현대글로비스
096770,SK이노베이션
066570,LG전자
033780,KT&G
272210,한화시스템
024110,기업은행
042700,한미반도체
352820,하이브
047810,한국항공우주
0126Z0,삼성에피스홀딩스
000150,두산
010120,LS ELECTRIC
003550,LG
030200,KT
017670,SK텔레콤
018260,삼성에스디에스
307950,현대오토에버
000720,현대건설
079550,LIG넥스원
259960,크래프톤
010950,S-Oil
047050,포스코인터내셔널
323410,카카오뱅크
071050,한국금융지주
278470,에이피알
326030,SK바이오팜
003230,삼양식품
039490,키움증권
377300,카카오페이
005830,DB손해보험
000880,한화
003490,대한항공
007660,이수페타시스
000100,유한양행
180640,한진칼
005940,NH투자증권
161390,한국타이어앤테크놀로지
443060,HD현대마린솔루션
090430,아모레퍼시픽
016360,삼성증권
454910,두산로보틱스
006260,LS
064400,LG씨엔에스
032640,LG유플러스
011070,LG이노텍
029780,삼성카드
034220,LG디스플레이
022100,포스코DX
128940,한미약품
241560,두산밥캣
078930,GS
001040,CJ
021240,코웨이
088980,맥쿼리인프라
052690,한전기술
028050,삼성E&A
001440,대한전선
009830,한화솔루션
138930,BNK금융지주
036570,엔씨소프트
066970,엘앤에프
004020,현대제철
175330,JB금융지주
271560,오리온
082740,한화엔진
251270,넷마블
062040,산일전기
450080,에코프로머티
011790,SKC
002380,KCC
051900,LG생활건강
302440,SK바이오사이언스
000990,DB하이텍
011780,금호석유화학
035250,강원랜드
111770,영원무역
036460,한국가스공사
017800,현대엘리베이터
018880,한온시스템
031210,서울보증보험
011170,롯데케미칼
103140,풍산
097950,CJ제일제당
004990,롯데지주
071970,HD현대마린엔진
204320,HL만도
014680,한솔케미칼
088350,한화생명
012510,더존비즈온
103590,일진전기
012750,에스원
457190,이수스페셜티케미컬
004170,신세계
008930,한미사이언스
489790,한화비전
439260,대한조선
001720,신영증권
001430,세아베스틸지주
009970,영원무역홀딩스
009420,한올바이오파마
005850,에스엘
026960,동서
042670,HD현대인프라코어
051600,한전KPS
004800,효성
383220,F&F
000240,한국앤컴퍼니
004370,농심
336260,두산퓨얼셀
353200,대덕전자
001450,현대해상
081660,미스토홀딩스
030000,제일기획
139480,이마트
011210,현대위아
028670,팬오션
000120,CJ대한통운
139130,iM금융지주
010060,OCI홀딩스
002790,아모레퍼시픽홀딩스
023530,롯데쇼핑
192820,코스맥스
097230,HJ중공업
003690,코리안리
018670,SK가스
047040,대우건설
361610,SK아이이테크놀로지
267270,HD현대건설기계
069960,현대백화점
020150,롯데에너지머티리얼즈
282330,BGF리테일
462870,시프트업
069620,대웅제약
023590,다우기술
006280,녹십자
032350,롯데관광개발
483650,달바글로벌
006040,동원산업
017960,한국카본
008770,호텔신라
073240,금호타이어
007070,GS리테일
375500,DL이앤씨
112610,씨에스윈드
003570,SNT다이내믹스
006360,GS건설
085620,미래에셋생명
034230,파라다이스
020560,아시아나항공
298020,효성티앤씨
161890,한국콜마
005070,코스모신소재
007310,오뚜기
077970,STX엔진
007340,DN오토모티브
007810,코리아써키트
003540,대신증권
000500,가온전선
001120,LX인터내셔널
005440,현대지에프홀딩스
294870,HDC현대산업개발
003090,대웅
001800,오리온홀딩스
484870,엠앤씨솔루션
120110,코오롱인더
030610,교보증권
000080,하이트진로
071320,지역난방공사
300720,한일시멘트
415640,KB발해인프라
005300,롯데칠성
229640,LS에코에너지
100090,SK오션플랜트
185750,종근당
004000,롯데정밀화학
249420,일동제약
285130,SK케미칼
003530,한화투자증권
006120,SK디스커버리
192080,더블유게임즈
075580,세진중공업
089860,롯데렌탈
082640,동양생명
009240,한샘
280360,롯데웰푸드
012630,HDC
006650,대한유화
001740,SK네트웍스
181710,NHN
137310,에스디바이오센서
079160,CJ CGV
030190,NICE평가정보
064960,SNT모티브
000670,영풍
298050,HS효성첨단소재
192400,쿠쿠홀딩스
195870,해성디에스
036530,SNT홀딩스
003240,태광산업
004490,세방전지
317450,명인제약
499790,GS피앤엘
009450,경동나비엔
108320,LX세미콘
100840,SNT에너지
093370,후성
005690,파미셀
000210,DL
281820,케이씨텍
114090,GKL
002350,넥센타이어
003160,디아이
003470,유안타증권
003850,보령
014820,동원시스템즈
007700,F&F홀딩스
079900,전진건설로봇
025540,한국단자
001680,대상
069260,TKG휴켐스
214320,이노션
248070,솔루엠
381970,케이카
005180,빙그레
003620,KG모빌리티
005250,녹십자홀딩스
001270,부국증권
0120G0,삼양바이오팜
000640,동아쏘시오홀딩스
039130,하나투어
000370,한화손해보험
00104K,CJ4우(전환)
002840,미원상사
950210,프레스티지바이오파마
268280,미원에스씨
058650,세아홀딩스
010780,아이에스동서
008730,율촌화학
475150,SK이터닉스
019170,신풍제약
001060,JW중외제약
057050,현대홈쇼핑
456040,OCI
001570,금양
383800,LX홀딩스
002020,코오롱
322000,HD현대에너지솔루션
006380,카프로
005880,대한해운
005420,코스모화학
002240,고려제강
017940,E1
002030,아세아
003030,세아제강지주
005810,풍산홀딩스
002960,한국쉘석유
105630,한세실업
090460,비에이치
001500,현대차증권
336370,솔루스첨단소재
016380,KG스틸
377740,바이오노트
145720,덴티움
004690,삼천리
000400,롯데손해보험
097520,엠씨넥스
014830,유니드
284740,쿠쿠홈시스
093050,LF
016610,DB증권
105840,우진
192650,드림텍
009900,명신산업
271940,일진하이솔루스
017810,풀무원
016590,신대양제지
091810,티웨이항공
453340,현대그린푸드
094800,맵스리얼티
033240,자화전자
016800,퍼시스
004700,조광피혁
170900,동아에스티
034310,NICE
145990,삼양사
003300,한일홀딩스
009410,태영건설
178920,PI첨단소재
029530,신도리코
000070,삼양홀딩스
089590,제주항공
006220,제주은행
026890,스틱인베스트먼트
161000,애경케미칼
037270,YG PLUS
005610,SPC삼립
183190,아세아시멘트
092200,디아이씨
344820,KCC글라스
060980,HL홀딩스
460860,동국제강
000650,천일고속
200880,서연이화
072710,농심홀딩스
403550,쏘카
002710,TCC스틸
031430,신세계인터내셔날
001530,DI동일
130660,한전산업
003000,부광약품
004310,현대약품
003280,흥아해운
029460,케이씨
015360,INVENI
006110,삼아알미늄
027410,BGF
452260,한화갤러리아
126720,수산인더스트리
001940,KISCO홀딩스
011500,한농화성
015860,일진홀딩스
104700,한국철강
272450,진에어
001200,유진투자증권
475560,더본코리아
217590,티엠씨
084690,대상홀딩스
003520,영진약품
126560,현대퓨처넷
034120,SBS
020000,한섬
001390,KG케미칼
011930,신성이엔지
018250,애경산업
306200,세아제강
001510,SK증권
008060,대덕
138490,코오롱ENP
025860,남해화학
024720,콜마홀딩스
017860,DS단석
007690,국도화학
010690,화신
194370,제이에스코퍼레이션
003960,사조대림
009160,SIMPAC
017390,서울가스
001820,삼화콘덴서
012030,DB
286940,롯데이노베이트
002310,아세아제지
241590,화승엔터프라이즈
005720,넥센
002810,삼영무역
034830,한국토지신탁
092230,KPX홀딩스
033270,유나이티드제약
005090,SGC에너지
033530,SJG세종
010580,에스엠벡셀
003920,남양유업
123890,한국자산신탁
002320,한진
011760,현대코퍼레이션
092790,넥스틸
900140,엘브이엠씨홀딩스
009290,광동제약
000490,대동
007160,사조산업
009680,모토닉
003200,일신방직
003120,일성아이에스
000320,노루홀딩스
013890,지누스
006340,대원전선
128820,대성산업
000680,LS네트웍스
009470,삼화전기
000430,대원강업
096760,JW홀딩스
002900,TYM
004360,세방
108670,LX하우시스
078520,에이블씨엔씨
001340,PKC
001460,BYC
003220,대원제약
122900,아이마켓코리아
005500,삼진제약
007860,서연
035150,백산
033920,무학
035510,신세계 I&C
005950,이수화학
007570,일양약품
001790,대한제당
226320,잇츠한불
037710,광주신세계
001750,한양증권
058430,포스코스틸리온
008490,서흥
001630,종근당홀딩스
001130,대한제분
084010,대한제강
012200,계양전기
244920,에이플러스에셋
210980,SK디앤디
000050,경방
004980,성신양회
005010,휴스틸
136490,선진
487570,HS효성
001230,동국홀딩스
003070,코오롱글로벌
053210,스카이라이프
028100,동아지질
000540,흥국화재
000140,하이트진로홀딩스
000860,강남제비스코
084680,이월드
003350,한국화장품제조
030210,다올투자증권
003610,방림
117580,대성에너지
000480,CR홀딩스
005680,삼영전자
004430,송원산업
339770,교촌에프앤비
001080,만호제강
005430,한국공항
010820,퍼스텍
003650,미창석유
271980,제일약품
001780,알루코
007460,에이프로젠
053690,한미글로벌
214420,토니모리
134380,미원화학
102260,동성케미컬
298690,에어부산
039570,HDC랩스
095570,AJ네트웍스
002150,도화엔지니어링
004380,삼익THK
102460,이연제약
044450,KSS해운
101530,해태제과식품
025000,KPX케미칼
234080,JW생명과학
010100,한국무브넥스
008970,KBI동양철관
016580,환인제약
001520,동양
025620,차AI헬스케어
213500,한솔제지
009070,KCTC
000520,삼일제약
001250,GS글로벌
006060,화승인더
012610,경인양행
004560,현대비앤지스틸
003720,삼영
013580,계룡건설
015230,대창단조
025820,이구산업
016880,웅진
272550,삼양패키징
031440,신세계푸드
000390,삼화페인트
004710,한솔테크닉스
293480,하나제약
014280,금강공업
037560,LG헬로비전
004090,한국석유
002100,경농
000300,DH오토넥스
081000,일진다이아
071840,롯데하이마트
123690,한국화장품
000020,동화약품
090350,노루페인트
002170,삼양통상
100250,진양홀딩스
462520,조선내화
009270,신원
016450,한세예스24홀딩스
019440,세아특수강
014710,사조씨푸드
018470,조일알미늄
008350,남선알미늄
002990,금호건설
000700,유수홀딩스
008110,대동전자
070960,모나용평
460850,동국씨엠
003460,유화증권
317400,자이에스앤디
011690,와이투솔루션
000970,한국주철관
107590,미원홀딩스
011000,진원생명과학
008040,사조동아원
027970,한국제지
003830,대한화섬
002390,한독
210540,디와이파워
001360,삼성제약
084670,동양고속
009580,무림P&P
078000,텔코웨어
083420,그린케미칼
298000,효성화학
089470,HDC현대EP
011280,태림포장
092220,KEC
094280,효성ITX
019680,대교
004970,신라교역
003480,한진중공업홀딩스
007540,샘표
015890,태경산업
016710,대성홀딩스
000230,일동홀딩스
011700,한신기계
095720,웅진씽크빅
024090,디씨엠
079430,현대리바트
214390,경보제약
248170,샘표식품
004250,NPC
077500,유니퀘스트
019180,티에이치엔
005800,신영와코루
035000,HS애드
013570,디와이
363280,티와이홀딩스
036420,콘텐트리중앙
002220,한일철강
012320,경동인베스트
010660,화천기계
002620,제일파마홀딩스
003580,HLB글로벌
004080,신흥
004150,한솔홀딩스
002200,한국수출포장
016740,두올
021820,세원정공
005960,동부건설
267290,경동도시가스
120030,조선선재
069460,대호에이엘
012800,대창
014580,태경비케이
002460,HS화성
007110,일신석재
044820,코스맥스비티아이
015590,DKME
267850,아시아나IDT
101140,인바이오젠
139990,아주스틸
004140,동방
020120,키다리스튜디오
067830,세이브존I&C
004960,한신공영
058850,KTcs
014530,극동유화
013520,화승코퍼레이션
214330,금호에이치티
063160,종근당바이오
017370,우신시스템
023800,인지컨트롤스
014160,대영포장
006660,삼성공조
007210,벽산
023450,동남합성
013360,일성건설
034590,인천도시가스
011330,유니켐
017550,수산세보틱스
005870,휴니드
011810,STX
227840,현대코퍼레이션홀딩스
001020,페이퍼코리아
008700,아남전자
017900,광전자
006840,AK홀딩스
264900,크라운제과
068290,삼성출판사
002450,삼익악기
002780,진흥기업
014790,HL D&I
023810,인팩
011150,CJ씨푸드
119650,KC코트렐
004840,DRB동일
000180,성창기업지주
032560,황금에스티
005740,크라운해태홀딩스
008260,NI스틸
003060,에이프로젠바이오로직스
023000,삼원강재
002720,국제약품
163560,동일고무벨트
007980,TP
058860,KTis
006490,인스코비
002600,조흥
014440,영보화학
001560,제일연마
002700,신일전자
036580,팜스코
004720,팜젠사이언스
085310,엔케이
010960,삼호개발
004890,동일산업
480370,씨케이솔루션
079980,휴비스
000590,CS홀딩스
013870,지엠비코리아
006890,태경케미컬
000850,화천기공
003780,진양산업
111380,동인기연
007280,한국특강
010040,한국내화
006880,신송홀딩스
004100,태양금속
012690,모나리자
372910,한컴라이프케어
011390,부산산업
018500,동원금속
001260,남광토건
006090,사조오양
001470,삼부토건
009200,무림페이퍼
007590,동방아그로
005750,대림바스
092780,DYP
009180,한솔로지스틱스
004830,덕성
009770,삼정펄프
000220,유유제약
071090,하이스틸
001290,상상인증권
004440,삼일씨엔에스
024900,디와이덕양
004540,깨끗한나라
111110,호전실업
129260,인터지스
308170,씨티알모빌리티
031820,아이티센씨티에스
37550L,DL이앤씨2우(전환)
016090,대현
133820,화인베스틸
013700,까뮤이앤씨
001380,SG글로벌
055490,테이팩스
092440,기신정기
000910,유니온
002760,보락
003010,혜인
378850,화승알앤에이
004060,SG세계물산
004920,씨아이테크
002630,오리엔트바이오
017040,광명전기
004910,조광페인트
047400,유니온머티리얼
100220,비상교육
017180,명문제약
058730,다스코
001210,금호전기
000950,전방
004450,삼화왕관
155660,DSR
075180,새론오토모티브
002140,고려산업
011300,성안머티리얼스
041650,상신브레이크
001620,케이비아이동국실업
123700,SJM
014990,인디에프
021050,서원
072130,유엔젤
004770,써니전자
025560,미래산업
010770,평화홀딩스
001550,조비
009190,대양금속
011230,삼화전자
004410,서울식품
000890,보해양조
093240,형지엘리트
011420,갤럭시아에스엠
069730,DSR제강
002920,유성기업
003080,SB성보
023960,에쓰씨엔지니어링
025530,SJM홀딩스
051630,진양화학
090080,평화산업
009320,아진전자부품
007610,선도전기
006370,대구백화점
002410,범양건영
004870,티웨이홀딩스
071950,코아스
023350,한국종합기술
002880,대유에이텍
014910,성문전자
118000,메타케어
006980,우성
008870,금비
012160,영흥
012280,영화금속
025750,한솔홈데코
027740,마니커
006740,블루산업개발
020760,일진디스플
008250,이건산업
465770,STX그린로지스
109070,주성코퍼레이션
008420,문배철강
000760,이화산업
019490,엑시큐어하이트론
026940,부국철강
090370,메타랩스
002360,SH에너지화학
049800,우진플라임
009810,플레이그램
000040,KR모터스
134790,시디즈
005030,부산주공
002870,신풍
074610,이엔플러스
024890,대원화성
005360,모나미
006570,대림통상
001070,대한방직
023150,MH에탄올
013000,세우글로벌
446070,유니드비티플러스
003680,한성기업
014130,한익스프레스
033250,체시스
002690,동일제강
005820,원림
011090,에넥스
009140,경인전자
007120,미래아이앤지
002820,SUN&L
006200,한국전자홀딩스
010400,우진아이엔에스
009460,한창제지
010640,진양폴리
004270,남성
002420,세기상사
069640,한세엠케이
024070,WISCOM
005320,온타이드
030720,동원수산
145210,다이나믹디자인
005110,한창
044380,주연테크
002210,동성제약
143210,핸즈코퍼레이션
002070,비비안
088790,진도
084870,TBH글로벌
001420,태원물산
015020,이스타코
001770,SHD
012170,아센디오
025890,한국주강
009310,참엔지니어링
008500,일정실업
015260,에이엔피
009440,KC그린홀딩스
008600,윌비스
152550,한국ANKOR유전
001140,국보
010600,웰바이오텍
196170,알테오젠
247540,에코프로비엠
086520,에코프로
298380,에이비엘바이오
277810,레인보우로보틱스
000250,삼천당제약
028300,HLB
950160,코오롱티슈진
141080,리가켐바이오
087010,펩트론
058470,리노공업
214450,파마리서치
214370,케어젠
319400,현대무벡스
214150,클래시스
240810,원익IPS
347850,디앤디파마텍
108490,로보티즈
039030,이오테크닉스
310210,보로노이
140410,메지온
0009K0,에임드바이오
145020,휴젤
030530,원익홀딩스
257720,실리콘투
237690,에스티팜
403870,HPSP
263750,펄어비스
068760,셀트리온제약
090710,휴림로봇
226950,올릭스
357780,솔브레인
041510,에스엠
035900,JYP Ent.
475830,오름테라퓨틱
058610,에스피지
095340,ISC
160190,하이젠알앤엠
445680,큐리옥스바이오시스템즈
005290,동진쎄미켐
476830,알지노믹스
437730,삼현
083650,비에이치아이
064760,티씨케이
098460,고영
458870,씨어스테크놀로지
222800,심텍
178320,서진시스템
065350,신성델타테크
084370,유진테크
067310,하나마이크론
466100,클로봇
140860,파크시스템스
039200,오스코텍
099320,쎄트렉아이
491000,리브스메드
036930,주성엔지니어링
323280,태성
060370,LS마린솔루션
035760,CJ ENM
290650,엘앤씨바이오
348370,엔켐
101490,에스앤에스텍
348340,뉴로메카
195940,HK이노엔
253450,스튜디오드래곤
089030,테크윙
007390,네이처셀
293490,카카오게임즈
281740,레이크머티리얼즈
031980,피에스케이홀딩스
003380,하림지주
122870,와이지엔터테인먼트
032820,우리기술
085660,차바이오텍
456160,지투지바이오
096530,씨젠
174900,앱클론
056080,유진로봇
388720,유일로보틱스
204270,제이앤티씨
232140,와이씨
397030,에이프릴바이오
319660,피에스케이
328130,루닛
082270,젬백스
115180,큐리언트
295310,에이치브이엠
078600,대주전자재료
166090,하나머티리얼즈
161580,필옵틱스
347700,스피어
440110,파두
131970,두산테스나
183300,코미코
376900,로킷헬스케어
137400,피엔티
080220,제주반도체
124500,아이티센글로벌
389470,인벤티지랩
006730,서부T&D
056190,에스에프에이
388210,씨엠티엑스
095610,테스
043260,성호전자
486990,노타
082920,비츠로셀
218410,RFHIC
358570,지아이이노베이션
112040,위메이드
468530,프로티나
213420,덕산네오룩스
417200,LS머트리얼즈
490470,세미파이브
086900,메디톡스
241710,코스메카코리아
036540,SFA반도체
036830,솔브레인홀딩스
476060,온코닉테라퓨틱스
090360,로보스타
189300,인텔리안테크
042000,카페24
424870,이뮨온시아
225570,넥슨게임즈
376300,디어유
033500,동성화인텍
131290,티에스이
036810,에프에스티
287840,인투셀
009520,포스코엠텍
014620,성광벤드
336570,원텍
067160,SOOP
086450,동국제약
348210,넥스틴
052400,코나아이
060280,큐렉소
032190,다우데이타
025980,아난티
060250,NHN KCP
251970,펌텍코리아
049630,재영솔루텍
488900,비츠로넥스텍
399720,가온칩스
127120,제이에스링크
102710,이엔에프테크놀로지
100790,미래에셋벤처투자
222080,씨아이에스
125490,한라캐스트
365340,성일하이텍
121600,나노신소재
102940,코오롱생명과학
053800,안랩
214430,아이쓰리시스템
023160,태광
041190,우리기술투자
064260,다날
372320,큐로셀
211050,인카금융서비스
460930,현대힘스
078160,메디포스트
032500,케이엠더블유
074600,원익QnC
084110,휴온스글로벌
389650,넥스트바이오메디컬
093320,케이아이엔엑스
033100,제룡전기
420770,기가비스
044490,태웅
047920,HLB제약
018290,브이티
278280,천보
475960,토모큐브
119850,지엔씨에너지
015750,성우하이텍
089970,브이엠
095660,네오위즈
455900,엔젤로보틱스
126340,비나텍
094170,동운아나텍
030520,한글과컴퓨터
228760,지노믹트리
117730,티로보틱스
171090,선익시스템
048410,현대바이오
478340,나라스페이스테크놀로지
368770,파이버프로
356860,티엘비
067630,HLB생명과학
272290,이녹스첨단소재
220100,퓨쳐켐
089010,켐트로닉스
038500,삼표시멘트
101730,위메이드맥스
041960,코미팜
484590,삼양컴텍
025320,시노펙스
199800,툴젠
036620,감성코퍼레이션
383310,에코프로에이치엔
298830,슈어소프트테크
052020,에스티큐브
253590,네오셈
230360,에코마케팅
450950,아스테라시스
494120,큐리오시스
252990,샘씨엔에스
376270,HEM파마
079370,제우스
083450,GST
099440,스맥
200710,에이디테크놀로지
394800,쓰리빌리언
050890,쏠리드
200670,휴메딕스
053030,바이넥스
104830,원익머트리얼즈
215600,신라젠
389500,에스비비테크
024850,HLB이노베이션
039440,에스티아이
025900,동화기업
058970,엠로
475400,씨메스
089890,코세스
464080,에스오에스랩
034950,한국기업평가
114190,강원에너지
045100,한양이엔지
059090,미코
352480,씨앤씨인터내셔널
079940,가비아
179900,유티아이
031330,에스에이엠티
069080,웹젠
107640,한중엔시에스
094480,갤럭시아머니트리
215200,메가스터디교육
078340,컴투스
194480,데브시스터즈
199430,케이엔알시스템
462350,이노스페이스
099190,아이센스
206650,유바이오로직스
448900,한국피아이엠
027360,아주IB투자
098070,한텍
425420,티에프이
041830,인바디
459510,나우로보틱스
309710,아이티켐
101930,인화정공
304360,에스바이오메딕스
053610,프로텍
340570,티앤엘
010170,대한광통신
122640,예스티
006910,보성파워텍
091700,파트론
318060,그래피
138610,나이벡
065660,안트로젠
049070,인탑스
078130,국일제지
0015G0,그린광학
064820,케이프
200130,콜마비앤에이치
094360,칩스앤미디어
033790,피노
035890,서희건설
014940,오리엔탈정공
013030,하이록코리아
317330,덕산테코피아
419530,SAMG엔터
101160,월덱스
441270,파인엠텍
314930,바이오다인
144510,지씨셀
481070,에이유브랜즈
033640,네패스
077360,덕산하이메탈
095500,미래나노텍
474650,링크솔루션
003800,에이스침대
046890,서울반도체
338840,와이바이오로직스
270660,에브리봇
042520,한스바이오메드
078350,한양디지텍
314130,지놈앤컴퍼니
403850,더핑크퐁컴퍼니
101360,에코앤드림
304100,솔트룩스
168360,펨트론
215000,골프존
332570,PS일렉트로닉스
484810,티엑스알로보틱스
462860,더즌
294570,쿠콘
190510,나무가
060720,KH바텍
236200,슈프리마
445090,에이직랜드
256840,한국비엔씨
110990,디아이티
378340,필에너지
099430,바이오플러스
200470,에이팩트
108860,셀바스AI
114810,한솔아이원스
203400,에이비온
357550,석경에이티
064550,바이오니아
051500,CJ프레시웨이
950250,테라뷰
136480,하림
0008Z0,에스엔시스
243070,휴온스
180400,DXVX
389260,대명에너지
216080,제테마
156100,엘앤케이바이오
451760,컨텍
354320,알멕
036890,진성티이씨
054950,제이브이엠
035810,이지홀딩스
274090,켄코아에어로스페이스
093520,매커스
204620,글로벌텍스프리
045390,대아티아이
067080,대화제약
308430,셀비온
012860,모베이스전자
092730,네오팜
416180,신성에스티
025770,한국정보통신
394280,오픈엣지테크놀로지
206640,바디텍메드
472850,폰드그룹
448280,에코아이
452430,사피엔반도체
051980,중앙첨단소재
078020,LS증권
338220,뷰노
482630,삼양엔씨켐
900290,GRT
473980,노머스
402030,코난테크놀로지
0007C0,아크릴
265520,AP시스템
036200,유니셈
053300,한국정보인증
043150,바텍
115450,HLB테라퓨틱스
035600,KG이니시스
042370,비츠로테크
037460,삼지전자
023410,유진기업
300080,플리토
018310,삼목에스폼
950170,JTC
092460,한라IMS
065680,우주일렉트로
211270,AP위성
041920,메디아나
084990,헬릭스미스
058820,CMG제약
382900,범한퓨얼셀
234340,헥토파이낸셜
140670,알에스오토메이션
255220,SG
101170,우림피티에스
002230,피에스텍
151860,KG에코솔루션
013120,동원개발
034810,해성산업
418550,제이오
065710,서호전기
108380,대양전기공업
267980,매일유업
371950,풍원정밀
182400,엔케이맥스
285490,노바텍
484120,도우인시스
114840,아이패밀리에스씨
393890,더블유씨피
144960,뉴파워프라즈마
086390,유니테스트
194700,노바렉스
005710,대원산업
121800,비덴트
372170,윤성에프앤씨
126600,BGF에코머티리얼즈
452450,피아이이
377460,위니아에이드
380550,뉴로핏
474170,루미르
051370,인터플렉스
067390,아스트
089980,상아프론테크
215100,로보로보
032940,원익
138360,협진
043370,피에이치에이
176750,듀켐바이오
217270,넵튠
118990,모트렉스
170920,엘티씨
264850,이랜시스
023760,한국캐피탈
018000,유니슨
488280,에스투더블유
457550,우진엔텍
126700,하이비젼시스템
086890,이수앱지스
054210,이랜텍
299030,하나기술
094820,일진파워
234030,싸이닉솔루션
179290,엠아이텍
061090,세나테크놀로지
237880,클리오
389020,자람테크놀로지
361390,제노코
950140,잉글우드랩
041020,폴라리스오피스
456010,아이씨티케이
036030,케이티알파
092870,엑시콘
241770,메카로
115310,인포바인
327260,RF머트리얼즈
036800,나이스정보통신
051360,토비스
293780,압타바이오
439090,마녀공장
061970,LB세미콘
039840,디오
123410,코리아에프티
322310,오로스테크놀로지
047310,파워로직스
334970,프레스티지바이오로직스
088800,에이스테크
054450,텔레칩스
254490,미래반도체
079960,동양이엔피
109740,디에스케이
080580,오킨스전자
112290,와이씨켐
017890,한국알콜
199820,제일일렉트릭
0015S0,페스카로
250060,모비스
243840,신흥에스이씨
036560,KZ정밀
083310,엘오티베큠
219130,타이거일렉
064290,인텍플러스
214180,헥토이노베이션
068930,디지털대성
047560,이스트소프트
377450,리파인
282880,코윈테크
356680,엑스게이트
476040,오가노이드사이언스
323990,박셀바이오
033160,엠케이전자
084850,아이티엠반도체
042420,네오위즈홀딩스
095700,제넥신
353810,이지바이오
469610,이노테크
241520,DSC인베스트먼트
260970,에스앤디
073490,이노와이어리스
102120,어보브반도체
048870,시너지이노베이션
365270,큐라클
290690,소룩스
019210,와이지-원
032620,유비케어
123860,아나패스
080160,모두투어
059270,해성에어로보틱스
182360,큐브엔터
461300,아이스크림미디어
235980,메드팩토
012210,삼미금속
039860,나노엔텍
232680,라온로보틱스
256940,킵스파마
121440,골프존홀딩스
092070,디엔에프
083930,아바코
082800,비보존 제약
217730,강스템바이오텍
060150,인선이엔티
038390,레드캡투어
107600,새빗켐
330860,네패스아크
321370,센서뷰
086820,바이오솔루션
091580,상신이디피
143160,아이디스
290740,액트로
138080,오이솔루션
322180,LS티라유텍
405100,큐알티
036190,금화피에스시
381620,제닉스로보틱스
092130,이크레더블
251370,와이엠티
333430,일승
100120,뷰웍스
217330,싸이토젠
078150,HB테크놀러지
217820,원익피앤이
016790,현대사료
024060,흥구석유
272110,케이엔제이
078070,유비쿼스홀딩스
054540,삼영엠텍
432720,퀄리타스반도체
294140,레몬
267320,나인테크
322510,제이엘케이
425040,티이엠씨
073010,케이에스피
380540,옵티코어
489460,바이오비쥬
046440,KG모빌리언스
230240,에치에프알
452280,한선엔지니어링
108230,톱텍
308080,바이젠셀
158430,아톤
413630,씨피시스템
067280,멀티캠퍼스
0004V0,엔비알모션
119610,인터로조
417010,나노팀
053700,삼보모터스
475230,엔알비
038290,마크로젠
305090,마이크로디지탈
146320,비씨엔씨
360070,탑머티리얼
011040,경동제약
101970,우양에이치씨
264660,씨앤지하이테크
464490,쿼드메디슨
336680,탑런토탈솔루션
340450,지씨지놈
489500,엘케이켐
365330,에스와이스틸텍
023910,대한약품
040300,YTN
456070,이엔셀
264450,유비쿼스
148150,세경하이테크
052330,코텍
263860,지니언스
122990,와이솔
220260,켐트로스
085910,네오티스
014950,삼익제약
033340,좋은사람들
234690,녹십자웰빙
085670,뉴프렉스
388050,지투파워
160980,싸이맥스
053080,케이엔솔
008830,대동기어
307750,국전약품
226590,엠디바이스
042600,새로닉스
066620,국보디자인
086980,쇼박스
074430,아미노로직스
059120,아진엑스텍
297090,씨에스베어링
036220,오상헬스케어
214680,디알텍
297890,HB솔루션
460940,피앤에스로보틱스
066410,버킷스튜디오
095190,이엠코리아
417970,모델솔루션
046070,코다코
310200,애니플러스
039830,오로라
246710,티앤알바이오팹
019010,베뉴지
321550,티움바이오
035080,그래디언트
203650,드림시큐리티
331740,아우토크립트
069510,에스텍
136150,원일티엔아이
240550,동방메디컬
104480,티케이케미칼
080420,모다이노칩
418420,라온텍
445180,퓨릿
029480,광무
067000,조이시티
317830,에스피시스템스
143240,사람인
337930,젝시믹스
147830,제룡산업
263720,디앤씨미디어
122450,KX
104460,디와이피엔에프
025950,동신건설
098120,마이크로컨텍솔
007330,푸른저축은행
123330,제닉
049950,미래컴퍼니
041440,현대에버다임
119830,아이텍
023600,삼보판지
187660,현대ADM
208370,셀바스헬스케어
439580,블루엠텍
096250,와이즈넛
293580,나우IB
037070,파세코
259630,엠플러스
017510,세명전기
011560,세보엠이씨
123040,엠에스오토텍
056090,시지메드텍
052710,아모텍
006620,동구바이오제약
223250,드림씨아이에스
205100,엑셈
049720,고려신용정보
299170,더블유에스아이
005160,동국산업
039560,다산네트웍스
950130,엑세스바이오
003310,대주산업
005990,매일홀딩스
068790,DMS
013990,아가방컴퍼니
063170,서울옥션
424960,스마트레이더시스템
142210,유니트론텍
290550,디케이티
063570,NICE인프라
463020,뉴엔AI
089600,KT나스미디어
255440,야스
045970,코아시아
049180,셀루메드
126730,코칩
044990,에이치엔에스하이텍
377480,마음AI
402490,그린리소스
066590,우수AMS
052420,오성첨단소재
370090,퓨런티어
109610,에스와이
125020,티씨머티리얼즈
013310,아진산업
091120,이엠텍
038110,에코플라스틱
408920,메쎄이상
053580,웹케시
278650,HLB바이오스텝
192440,슈피겐코리아
475580,에이럭스
201490,미투온
032300,한국파마
493330,지에프아이
136540,윈스테크넷
039980,폴라리스AI
071200,인피니트헬스케어
101670,하이드로리튬
021080,에이티넘인베스트
289930,웨이비스
086960,MDS테크
212560,네오오토
071280,로체시스템즈
054920,한컴위드
096240,크레버스
217500,러셀
166480,코아스템켐온
131030,옵투스제약
443670,에스피소프트
009780,엠에스씨
226400,오스테오닉
251120,바이오에프디엔씨
269620,시스웍
054050,농우바이오
059210,메타바이오메드
309960,LB인베스트먼트
209640,와이제이링크
063080,컴투스홀딩스
093640,케이알엠
461030,아이엠비디엑스
432470,케이엔에스
282720,금양그린파워
366030,공구우먼
453450,그리드위즈
084650,랩지노믹스
068240,다원시스
078140,대봉엘에스
357580,아모센스
072870,메가스터디
030960,양지사
036710,심텍홀딩스
251630,브이원텍
388870,파로스아이바이오
048550,SM C&C
003100,선광
131370,알서포트
246720,아스타
149950,아바텍
099750,이지케어텍
389030,지니너스
006140,피제이전자
052260,현대바이오랜드
046120,오르비텍
205500,넥써쓰
027710,팜스토리
382840,원준
205470,휴마시스
081180,쎄크
049960,쎌바이오텍
362320,청담글로벌
049430,코메론
007820,에스엠코어
083500,에프엔에스테크
172670,에이엘티
307180,아이엘
067990,도이치모터스
106190,하이텍팜
039340,한국경제TV
389140,포바이포
086670,비엠티
051160,지어소프트
021320,KCC건설
443250,레뷰코퍼레이션
024880,케이피에프
418470,KT밀리의서재
049520,유아이엘
078590,휴림에이텍
078890,가온그룹
054800,아이디스홀딩스
391710,코닉오토메이션
019550,SBI인베스트먼트
105550,엣지파운드리
090850,현대이지웰
067900,와이엔텍
0015N0,아로마티카
092190,서울바이오시스
347890,엠투아이
115500,케이씨에스
005860,한일사료
163730,핑거
289080,SV인베스트먼트
950220,네오이뮨텍
041590,플래스크
093190,빅솔론
067290,JW신약
101330,모베이스
071670,에이테크솔루션
033290,로젠
417840,저스템
047820,초록뱀미디어
463480,모티브링크
191420,테고사이언스
214260,라파스
396470,워트
298540,더네이쳐홀딩스
018120,진로발효
086710,선진뷰티사이언스
303810,동국생명과학
047770,코데즈컴바인
348150,고바이오랩
299900,위지윅스튜디오
288330,파라택시스코리아
023900,풍국주정
277880,티에스아이
330350,위더스제약
204610,티쓰리
026150,특수건설
306620,네온테크
413390,엠오티
100130,동국S&C
041930,동아화성
311690,CJ 바이오사이언스
048530,인트론바이오
131400,이브이첨단소재
382150,온코크로스
950190,고스트스튜디오
066430,아이로보틱스
060570,드림어스컴퍼니
175140,휴먼테크놀로지
079810,디이엔티
452190,한빛레이저
306040,에스제이그룹
183490,엔지켐생명과학
065450,빅텍
207760,미스터블루
064850,에프앤가이드
396270,넥스트칩
042510,라온시큐어
066700,테라젠이텍스
038540,상상인
125210,아모그린텍
060590,씨티씨바이오
136410,아셈스
043610,KT지니뮤직
411080,샌즈랩
206560,덱스터
058630,엠게임
084730,팅크웨어
049470,비트플래닛
001540,안국약품
225190,LK삼양
014970,삼륭물산
038460,바이오스마트
053350,이니텍
073560,우리손에프앤지
419050,삼기에너지솔루션즈
064800,포니링크
187870,디바이스
417500,제이아이테크
105740,디케이락
290670,대보마그네틱
100700,세운메디칼
102370,케이옥션
435570,에르코스
357230,에이치피오
036010,아비코전자
035610,솔본
104040,대성파인텍
067570,엔브이에이치코리아
037350,성도이엔지
124560,태웅로직스
448710,코츠테크놀로지
253840,수젠텍
225530,HC보광산업
187790,나노
355150,코스텍시스
382800,지앤비에스 에코
452400,이닉스
170030,현대공업
094940,푸른기술
315640,딥노이드
261520,이지스
083790,CG인바이츠
009300,삼아제약
234300,에스트래픽
066790,씨씨에스
024800,유성티엔에스
376930,노을
330730,스톤브릿지벤처스
048910,대원미디어
065510,휴비츠
000440,중앙에너비스
408900,스튜디오미르
307930,컴퍼니케이
048430,유라테크
054670,대한뉴팜
451250,삐아
082850,우리바이오
093920,서원인텍
039020,이건홀딩스
149980,하이로닉
069540,빛과전자
061250,화일약품
311320,지오엘리먼트
382480,지아이텍
092040,아미코젠
289220,자이언트스텝
012700,리드코프
134580,탑코미디어
317690,퀀타매트릭스
041910,폴라리스AI파마
459100,위츠
120240,대정화금
141000,비아트론
058400,KNN
348350,위드텍
352090,스톰테크
453860,에이에스텍
117670,알파칩스
024830,세원물산
040420,정상제이엘에스
446840,지슨
053450,세코닉스
110790,크리스에프앤씨
317770,엑스페릭스
044340,위닉스
091440,한울소재과학
419080,엔젯
039610,화성밸브
036170,에이치엠넥스
036630,세종텔레콤
053280,예스24
234100,폴라리스세원
273640,와이엠텍
072020,중앙백신
339950,아이비김영
004650,창해에탄올
203690,아크솔루션스
241690,유니테크노
011370,서한
027050,코리아나
348080,큐라티스
130580,나이스디앤비
226330,신테카바이오
216050,인크로스
302550,리메드
900250,크리스탈신소재
060560,HC홈센타
228670,레이
002800,신신제약
033230,인성정보
459550,알트
088390,이녹스
478560,블랙야크아이앤씨
396300,세아메카닉스
111710,남화산업
265740,엔에프씨
042500,링네트
104540,코렌텍
378800,샤페론
126880,제이엔케이글로벌
025550,한국선재
168330,내츄럴엔도텍
072990,에이치시티
104620,노랑풍선
019990,에너토크
104200,NHN벅스
090470,제이스텍
357880,SKAI
475430,키스트론
265560,영화테크
260930,씨티케이
163280,에어레인
0013V0,삼진식품
036640,HRS
027830,대성창투
228850,레이언스
317870,엔바이오니아
054620,APS
340930,유일에너테크
142280,녹십자엠에스
173130,오파스넷
115440,우리넷
187420,HLB제넥스
045660,에이텍
294630,서남
347000,센코
105330,케이엔더블유
208140,정다운
123420,위메이드플레이
215360,우리산업
020710,시공테크
417790,트루엔
446540,메가터치
046210,HLB파나진
011320,유니크
222810,세토피아
096350,대창솔루션
377030,비트맥스
041520,이엘씨
175250,아이큐어
054300,팬스타엔터프라이즈
412540,제일엠앤에스
089850,유비벨록스
204840,지엘팜텍
094850,참좋은여행
317530,캐리소프트
094840,슈프리마에이치큐
393210,토마토시스템
024910,경창산업
214270,FSN
351330,이삭엔지니어링
063440,SM Life Design
263800,데이타솔루션
222160,NPX
060310,3S
388790,라이콤
032850,비트컴퓨터
033320,제이씨현시스템
052220,iMBC
066310,큐에스아이
212710,아이에스티이
263600,덕우전자
040350,크레오에스지
262260,에이프로
196300,HLB펩
424980,마이크로투나노
014470,부방
054040,한국컴퓨터
347860,알체라
246960,SCL사이언스
318160,셀바이오휴먼텍
457370,한켐
299660,셀리드
036090,위지트
065500,오리엔트정공
159580,제로투세븐
474610,RF시스템즈
032540,TJ미디어
331380,포커스에이아이
199550,레이저옵텍
024740,한일단조
384470,코어라인소프트
140070,서플러스글로벌
016250,SGC E&C
004590,한국가구
242040,나무기술
365590,하이딥
352910,오비고
081150,티플랙스
041460,한국전자인증
451220,아이엠티
128660,피제이메탈
171120,라이온켐텍
340360,다보링크
261780,차백신연구소
049480,오픈베이스
039240,경남스틸
393970,대진첨단소재
099410,동방선기
014190,원익큐브
288620,에스퓨얼셀
100030,인지소프트
076610,해성옵틱스
0010V0,제이피아이헬스케어
155650,와이엠씨
153710,옵티팜
900260,로스웰
053260,금강철강
162300,신스틸
303360,프로티아
046940,우원개발
302430,이노메트리
053050,지에스이
137950,제이씨케미칼
323350,다원넥스뷰
043710,서울리거
407400,꿈비
270520,앱튼
053270,구영테크
222110,팬젠
347740,피엔케이피부임상연구센타
234920,자이글
040910,아이씨디
039010,현대에이치티
036120,서울평가정보
062970,한국첨단소재
307870,비투엔
036670,삼양케이씨아이
042940,상지건설
037030,파워넷
460870,에스엠씨지
043650,국순당
012790,신일제약
241840,에이스토리
033310,엠투엔
142760,모아라이프플러스
333620,엔시스
122690,서진오토모티브
122350,삼기
073640,테라사이언스
007370,진양제약
192250,케이사인
017650,대림제지
109860,동일금속
950200,소마젠
479960,위너스
476080,M83
099220,SDN
068330,일신바이오
010470,오리콤
037950,엘컴텍
097800,윈팩
039420,케이엘넷
036000,예림당
088130,동아엘텍
241790,티이엠씨씨엔에스
215090,솔디펜스
403490,우듬지팜
317850,대모
206400,베노티앤알
038680,에스넷
043910,자연과환경
364950,에이아이코리아
095270,웨이브일렉트로
054930,유신
010280,아이티센엔텍
017480,삼현철강
088340,유라클
332370,아이디피
013720,THE CUBE&
052790,액토즈소프트
159010,아스플로
290720,푸드나무
046970,우리로
432430,와이랩
087260,모바일어플라이언스
080010,이상네트웍스
145170,노브랜드
217190,제너셈
033170,시그네틱스
072470,우리산업홀딩스
317240,TS트릴리온
261200,덴티스
200230,텔콘RF제약
064240,홈캐스트
023440,제이스코홀딩스
388610,지에프씨생명과학
100660,서암기계공업
127980,화인써키트
033130,디지틀조선
066980,한성크린텍
128540,에코캡
019540,일지테크
221800,유투바이오
219420,링크제니시스
222040,코스맥스엔비티
198440,강동씨앤엘
082210,옵트론텍
413640,비아이매트릭스
466410,사이냅소프트
452160,제이엔비
067370,선바이오
311390,네오크레마
373200,엑스플러스
050960,수산아이앤티
037330,인지디스플레
185490,아이진
320000,한울반도체
065530,와이어블
064090,인크레더블버즈
260660,알리코제약
037440,희림
005670,푸드웰
373160,데이원컴퍼니
078860,엔에스이엔엠
045340,토탈소프트
007720,소노스퀘어
024840,KBI메탈
032860,더라미
053980,오상자이엘
263690,디알젬
173940,에프엔씨엔터
189980,흥국에프엔비
160550,NEW
123840,뉴온
046310,백금T&A
061040,알에프텍
038070,서린바이오
277070,린드먼아시아
419120,산돌
037760,쎄니트
042110,에스씨디
052670,제일바이오
321820,아티스트컴퍼니
052900,KX하이텍
452200,민테크
040610,SG&G
122310,제노레이
015710,코콤
218150,미래생명자원
092300,현우산업
129920,대성하이텍
064480,브리지텍
048770,TPC
073570,리튬포어스
114450,그린생명과학
177900,쓰리에이로직스
256630,포인트엔지니어링
033830,티비씨
010240,흥국
246690,TS인베스트먼트
186230,그린플러스
099520,DGI
199480,뱅크웨어글로벌
051490,나라엠앤디
054780,키이스트
065130,탑엔지니어링
067920,이글루
008370,원풍
245620,EDGC
080530,코디
119500,포메탈
352700,씨앤투스
007680,대원
223310,사토시홀딩스
057680,티사이언티픽
090410,덕신이피씨
471820,셀로맥스사이언스
066670,디티씨
038880,아이에이
049550,잉크테크
237820,플레이디
096630,에스코넥
087600,픽셀플러스
004780,대륙제관
227950,엔투텍
189690,포시에스
171010,램테크놀러지
314140,알피바이오
440290,HB인베스트먼트
066130,하츠
001000,신라섬유
033200,모아텍
286750,나노실리칸첨단소재
219550,디와이디
217480,에스디생명공학
024950,삼천리자전거
037230,한국팩키지
097780,에코볼트
053620,태양
072770,멤레이비티
032790,엠젠솔루션
109960,앱토크롬
025440,DH오토웨어
170790,파이오링크
036180,지더블유바이텍
038010,제일테크노스
195990,에이비프로바이오
032960,동일기연
105760,포스뱅크
238120,얼라인드
069410,엔텔스
184230,SGA솔루션즈
250000,보라티알
462510,라메디텍
060850,영림원소프트랩
290090,트윔
044960,이글벳
263700,케어랩스
361570,알비더블유
224110,에이텍모빌리티
450520,인스웨이브
088910,동우팜투테이블
200350,아티스트스튜디오
290660,네오펙트
007530,와이엠
417860,오브젠
351870,차이커뮤니케이션
056700,신화인터텍
464280,티디에스팜
203450,유니온바이오메트릭스
198080,캐프
096610,알에프세미
037370,EG
465480,인스피언
056360,코위버
271830,팸텍
363260,모비데이즈
239890,피엔에이치테크
219750,한국비티비
376290,씨유테크
100590,머큐리
103840,우양
355390,크라우드웍스
039290,인포뱅크
359090,씨엔알리서치
068050,팬엔터테인먼트
109080,옵티시스
208860,다산디엠씨
033560,블루콤
097870,효성오앤비
263810,상신전자
430690,한싹
024940,PN풍년
021880,메이슨캐피탈
321260,프로이천
089150,케이씨티
052860,아이앤씨
455180,케이지에이
336060,웨이버스
079000,와토스코리아
057030,YBM넷
053950,경남제약
057540,옴니시스템
126640,화신정공
420570,제이투케이바이오
027580,상보
178780,일월지엠엘
109820,진매트릭스
089790,제이티
148780,비큐AI
082660,코스나인
353590,오토앤
418250,시큐레터
464500,아이언디바이스
335810,프리시젼바이오
046390,삼화네트웍스
222420,쎄노텍
150900,파수
239340,이스트에이드
450330,하스
049830,승일
444530,심플랫폼
356890,싸이버원
464580,닷밀
307280,원바이오젠
258610,케일럼
052460,아이크래프트
434480,모니터랩
084180,수성웹툰
190650,코리아에셋투자증권
153460,네이블
106240,파인테크닉스
291650,압타머사이언스
026040,제이에스티나
273060,와이즈버즈
200780,비씨월드제약
006050,국영지앤엠
475460,미트박스
469750,아이비젼웍스
036690,코맥스
073110,엘엠에스
049080,기가레인
019770,서연탑메탈
067170,오텍
014570,고려제약
270870,뉴트리
065950,웰크론
438700,버넥트
002290,삼일기업공사
072950,빛샘전자
033540,파라텍
210120,캔버스엔
025880,케이씨피드
083550,케이엠
094970,제이엠티
060900,에이전트AI
254120,자비스
140430,카티스
290120,DH오토리드
332290,누보
137080,나래나노텍
460470,아이빔테크놀로지
066900,디에이피
140520,대창스틸
263770,유에스티
277410,인산가
050110,캠시스
114630,폴라리스우노
091590,남화토건
051390,YW
052600,한네트
342870,오아
376180,피코그램
256150,한독크린텍
195500,마니커에프앤지
101240,씨큐브
300120,라온피플
354200,엔젠바이오
900270,헝셩그룹
038870,에코바이오
050860,아세아텍
024120,KB오토시스
239610,에이치엘사이언스
452300,캡스톤파트너스
131100,티엔엔터테인먼트
123570,이엠넷
340810,시선AI
016600,큐캐피탈
056730,CNT85
318020,포인트모바일
129890,앱코
038620,위즈코프
189330,씨이랩
238090,앤디포스
263020,디케이앤디
143540,영우디에스피
220180,핸디소프트
340440,세림B&G
133750,메가엠디
387570,파인메딕스
086040,바이오톡스텍
221980,케이디켐
040160,누리플렉스
053160,프리엠스
431190,케이쓰리아이
204020,그리티
301300,바이브컴퍼니
475660,에스켐
192410,오늘이엔엠
069140,누리플랜
021650,한국큐빅
318410,비비씨
075970,동국알앤에스
065440,이루온
123010,아이윈플러스
177830,파버나인
318000,KBG
045060,오공
043340,에쎈테크
196450,코아시아씨엠
099390,브레인즈컴퍼니
065370,위세아이텍
232830,아이티센피엔에스
397810,애드포러스
189860,서전기전
208640,썸에이지
257370,피엔티엠에스
335870,윙스풋
221840,하이즈항공
377220,프롬바이오
075130,플랜티넷
373170,엠아이큐브솔루션
042040,케이피엠테크
462310,뉴키즈온
291230,엔피
096690,에이루트
900340,윙입푸드
020180,대신정보통신
303530,이노뎁
085810,알티캐스트
031310,아이즈비전
130500,GH신소재
064520,테크엘
115160,휴맥스
081580,성우전자
127710,아시아경제
050120,ES큐브
060540,에스에이티
228340,동양파일
290270,휴네시온
070300,엑스큐어
066360,체리부로
263920,휴엠앤씨
013810,스페코
215380,우정바이오
009730,이렘
066910,손오공
462980,아이지넷
440320,오픈놀
900300,오가닉티코스메틱
351320,넥사다이내믹스
071850,캐스텍코리아
043100,알파AI
052300,오션인더블유
262840,아이퀘스트
900310,컬러레이
238490,힘스
086060,진바이오텍
089140,넥스턴앤롤코리아
196490,디에이테크놀로지
322780,코퍼스코리아
017000,신원종합개발
274400,이노시뮬레이션
019660,글로본
225220,제놀루션
032580,피델릭스
001840,이화공영
236810,엔비티
284620,카이노스메드
115610,이미지스
049120,파인디앤씨
035200,프럼파스트
187270,신화콘텍
068940,셀피글로벌
115480,씨유메디칼
131220,대한과학
258790,소프트캠프
147760,피엠티
006920,모헨즈
398120,에스지헬스케어
012620,원일특강
109670,씨싸이트
169330,엠브레인
022220,티케이지애강
298060,에스씨엠생명과학
080520,오디텍
376980,원티드랩
023790,동일스틸럭스
360350,코셈
018680,서울제약
317120,라닉스
089230,THE E&M
363250,진시스템
059100,아이컴포넌트
146060,율촌
138070,신진에스엠
308100,형지글로벌
038060,루멘스
372800,아이티아이즈
079170,한창산업
188040,바이오포트
101400,엔시트론
252500,세화피앤씨
208710,포톤
148930,에이치와이티씨
153490,우리이앤엘
008470,부스타
367000,플래티어
405920,나라셀라
131760,파인텍
048470,대동스틸
045300,성우테크론
196700,웹스
080470,성창오토텍
069920,엑시온그룹
237750,피앤씨테크
043200,파루
001810,무림SP
333050,모코엠시스
016100,리더스코스메틱
032750,삼진
222980,한국맥널티
095910,에스에너지
139670,키네마스터
290560,신시웨이
297570,알로이스
417180,핑거스토리
130740,티피씨글로벌
191410,육일씨엔에쓰
101000,KS인더스트리
457600,벡트
088280,쏘닉스
011080,형지I&C
018700,바른손
068100,케이웨더
009620,삼보산업
362990,드림인사이트
038950,파인디지털
179530,애드바이오텍
383930,디티앤씨알오
090150,아이윈
088290,이원컴포텍
246250,에스엘에스바이오
198940,한주라이트메탈
389680,유디엠텍
016670,디모아
290520,신도기연
131090,시큐브
051380,피씨디렉트
047080,한빛소프트
053290,NE능률
432980,엠에프씨
083660,CSA 코스믹
103230,에스앤더블류
067010,이씨에스
288980,모아데이타
148250,알엔투테크놀로지
214610,롤링스톤
279600,미디어젠
058110,멕아이씨에스
060380,동양에스텍
229000,젠큐릭스
377330,이지트로닉스
312610,에이에프더블류
197140,디지캡
031510,오스템
033050,제이엠아이
227610,아우딘퓨쳐스
045510,정원엔시스
187220,디티앤씨
032680,소프트센
331520,밸로프
035460,기산텔레콤
060230,제이케이시냅스
131180,딜리
034940,조아제약
276730,한울앤제주
094860,네오리진
328380,솔트웨어
023770,플레이위드
051780,큐로홀딩스
240600,유진테크놀로지
007770,한일화학
373110,엑셀세라퓨틱스
093380,풍강
348030,모비릭스
309930,조이웍스앤코
267790,배럴
291810,핀텔
043220,티에스넥스젠
419540,비스토스
258830,세종메디칼
079650,서산
418620,E8
318010,팜스빌
091340,S&K폴리텍
285800,진영
038530,케이바이오
101680,한국정밀기계
217620,선샤인푸드
296640,이노룰스
310870,디와이씨
036480,대성미생물
016920,카스
412350,레이저쎌
021040,대호특수강
070590,한솔인티큐브
032080,아즈텍WB
429270,시지트로닉스
053060,세동
263050,유틸렉스
065170,비엘팜텍
193250,링크드
067730,로지시스
353190,휴럼
113810,디젠스
900110,이스트아시아홀딩스
415380,스튜디오삼익
012340,뉴인텍
039740,한국정보공학
123750,알톤
054220,비츠로시스
900100,애머릿지
137940,넥스트아이
304840,피플바이오
037400,우리엔터프라이즈
238200,비피도
208350,지란지교시큐리티
065650,하이퍼코퍼레이션
035620,바른손이앤에이
139050,BF랩스
347770,핌스
154030,아시아종묘
044780,에이치케이
226340,본느
192390,윈하이텍
355690,에이텀
115570,스타플렉스
204630,스튜디오산타클로스
043360,디지아이
028080,휴맥스홀딩스
039310,세중
063760,이엘피
303030,지니틱스
331920,셀레믹스
424760,벨로크
065150,대산F&B
215790,이노인스트루먼트
076080,웰크론한텍
276040,스코넥
405000,플라즈맵
073540,에프알텍
225590,패션플랫폼
352940,인바이오
018620,우진비앤지
098660,에스티오
199730,바이오인프라
177350,베셀
002680,한탑
247660,나노씨엠에스
289010,아이스크림에듀
091970,나노캠텍
032280,삼일
115530,씨엔플러스
044480,빌리언스
900070,글로벌에스엠
065690,파커스
032800,판타지오
079950,인베니아
121890,에스디시스템
025870,신라에스지
080720,한국유니온제약
368600,아이씨에이치
083640,인콘
154040,다산솔루에타
230980,비유테크놀러지
084440,유비온
110020,전진바이오팜
054940,엑사이엔씨
017250,인터엠
050760,에스폴리텍
344860,이노진
045520,크린앤사이언스
054410,케이피티유
365900,브이씨
014100,메디앙스
079190,케스피온
054090,삼진엘앤디
361670,삼영에스앤씨
106080,케이이엠텍
096870,엘디티
134060,이퓨쳐
067770,세진티에스
215480,토박스코리아
043590,웰킵스하이텍
032980,바이온
368970,오에스피
060480,국일신동
073190,듀오백
008290,원풍물산
020400,대동금속
065060,지엔코
019570,플루토스
048830,엔피케이
313760,캐리
026910,광진실업
275630,에스에스알
241820,피씨엘
224060,더코디
083470,이엠앤아이
035290,골드앤에스
050090,비케이홀딩스
065420,에스아이리소스
106520,노블엠앤비
900120,씨엑스아이
044180,KD
069330,유아이디
030350,드래곤플라이
065770,CS
250930,예선테크
227100,프로브잇
027040,서울전자통신
406820,뷰티스킨
060260,뉴보텍
058450,한주에이알티
225430,케이엠제약
188260,세니젠
352770,셀레스트라
092600,앤씨앤
244460,올리패스
208340,파멥신
054180,메디콕스
065570,삼영이엔씨
052770,아이톡시
060240,스타코링크
031860,디에이치엑스컴퍼니
121850,코이즈
079970,투비소프트
150840,인트로메딕
101390,아이엠
043090,더테크놀로지
